Title,Link,Number of comments,Upvotes,Comments
Jujutsu Kaisen Chapter 166 Links + Discussion,http://www.reddit.com/r/JuJutsuKaisen/comments/qywpw9/jujutsu_kaisen_chapter_166_links_discussion/,140,713,"['Yuji is EXACTLY the type of person Higuruma got into law to defend', 'oh i love this', ""Yo Higuruma's ability is so broken with the death penalty aspectğŸ’€ğŸ’€. In the context of the culling game it's even perfect and makes complete sense how he got 100 points.  I feel he is what nanami was originally meant to be when gege was initially talking about the direction he wanted to take his character in. Happy with the conclusion of this battle , since he was a good guy deep down"", 'I completely agree with the comparison about Nanami! Iâ€™m looking forward to learning more about his past, heâ€™s a really cool character!', 'Lol not a broken office worker but a broken lawyer', 'Higuruma, my man! Iâ€™m so glad Yuuji got to hear that the deaths of all those people in Shibuya werenâ€™t his fault- itâ€™s important for him to hear.', 'He was only guilty of blaming himself :(', ""Yeah I'm so glad and relieved Yuuji finally gets to have this talk! - and in this proper sit down way too. In terms of the guilt he carries - he's needed someone to talk to him this frankly since the beginning of the series. Nanami did a decent job for a time when Yuuji blamed himself about Junpei or was getting hung up on killing Mahito's cursed human hybrids. But for his biggest guilt, shibuya massacre, he's just been carrying it around without any time to really process how he feels past the guilt."", ""Gege's cruel streak has been running strong for a while now, but I'm really grateful for this. And for it to fit so seamlessly in the story with Higurama being a fantastic new character."", ""I mean tbf, multiple people have told Yuji that Shibuya wasn't his fault, but it doesn't seem like he can accept that yet. This is just one part of probably a long character arc for him"", 'Iâ€™m glad he gets to hear it from someone whoâ€™s also not biased. As much as his friends tell him itâ€™s not his fault, I just know he wouldnâ€™t take their words to heart. But hearing it from a stranger who knows little about him, but the curse living inside is the perfect way to ease his mind a bit.', 'Best chapter in ages, Higurama has been a fantastic addition to the cast and the art was on point. Loved this fight so much.', ""Gege continues to be in his bag with this one. It's early but the Culling Game is picking right up with Shibuya levels of quality."", 'Higuruma is quickly becoming one of my favorite characters', 'Same, absolutely love the character. Means heâ€™ll probably die a very sad death then', ""It feels so exhilarating to see Yuuji shining so bright in this chapter. His growth, in terms of power and strength, has been insane. Love to see him in all his glory. And to know that he doesn't even have a CT, especially in an Universe where every other character posses one. It's just pure physical strength."", ""Not quite following what exactly you mean. Didn't we already know that Yuuji was a physical beast from the very beginning. Recently when Yuta met Yuuji we saw a panel where he mentions how Yuta is the opposite of how he was when he started out with jujutsu."", 'Toji says hi', 'As predicted, Higuruma sympathised with Yuji in the end and they sat down and began to talk.', 'Iâ€™m truly happy with how this arc went. Higuruma is such a fascinating character and another interesting take on the vastly different morals this series has delved into. I do think Higuruma is a good character at heart, but is perfectly capable of seeing the need in getting his hands dirty, while also remaining disillusioned to the whole end justifies the means.', 'He went off the deep end, thatâ€™s true, but sort of like Peter B Parker he canâ€™t bring himself to go against his morals, the reasons he became a Defense attorney. He saw Yuji weak and in need of a Defense attorney, from the judge man, from Yuji himself, and he had to defend.', 'I also think that Higuruma thinks somewhat poorly of himself, which is why he refuses to become a judge cause he knows his view of the world isnâ€™t good. Higuruma is just such a good character and I hope to see him more', 'Loved that last question in the chapter where Higuruma asked Itadori if killing felt awful. Reminded me of how this series can be dark and violent without being overly edgy and making human life seem worthless. Great stuff', ""Yeah, think i agree with the edgy part. Jjk doesn't over exaggerate things except in necessary situations such as sorcerers going feral scenes (can this count as edgy tho idk lol). While edginess isn't necessarily bad, it can be annoying if it's overdone imo."", ""Higuruma is a cool dude, I hope he sticks around, but this being JJK, I'd be surprised if he survives. I'm also guessing that after we get his backstory next chapter, he and Yuji will depart ways and Higuruma will be out of the story for now. I'd be cool if Higuruma joined Yuji, but I don't expect that to happen"", 'Also, my memory is so terrible, but who is the person that Yuji willingly killed besides cursed monsters that were once human??', ""The death womb painting brothers. Eso crying really fucked with his head, even with Nobara's reassurances that they did the right thing."", 'Nah I think Higurama might stick around for a while longer. He just about fits the void Nanami left while being his own thing (and dare I say an upgrade? dont kill me, nanami is my fav, just thinking in terms of character use in the story). To have him only in it a little would be a waste.', ""Didn't think about it until just now, but with his whole thing being about the law and against corrupt failed systems, that might lead him into the overarching plot of the whole jjk bureaucratic world being a broken mess in need of reform."", 'Jujutsu sorcerers', 'Exorcising curses']"
Jujutsu Kaisen Volume 18 Cover,http://www.reddit.com/r/JuJutsuKaisen/comments/qzac4s/jujutsu_kaisen_volume_18_cover/,108,2.7k,"['The title is Fever ç†±', '1 more reply', 'This is hard', 'Feel free to screenshot', 'Is hakari black someone pls answer', 'Forgot this dude existed. Higuruma be taking the spotlight.', 'Lol definitely, but im sure Hakari will get his turn', ""The Higurama cover will probably send me to the afterlife so I'm happy with the delinquent"", 'Yeah I looked at it and was like who tf is this guy ğŸ’€', 'Damn. Mahjong. Cards. Gambling Chips. Money. Gege this is great! This is a must buy', 'Edit:lmao I put majong', 'Did you mean mahjong? Isnâ€™t mojang the studio that made Minecraft', 'Are the gambling chips just that one pink one behind the text?', 'Dude that might be his cursed technique. Gambling. But he cheats to always win', 'Someday, weâ€™ll get maki cover, but a higuruma one would also be nice before he potentially gets killed off.', 'Totally agree!', ""The Naoya cover is hot but I'm still upset that she wasn't on that one"", 'Hopefully later on deeper into the culling games.', 'I think we will get maki cover in volume 20 cuz her birthday is January 20.', 'We got a Hakari cover before we got to know his technique. Now we know it has something to do with games, possibly gambling.', 'HEATTTT', 'I WANT MORE HAKARI NOW!', 'I love Higuruma but I want to move on from Tokyo Colony number one immediately so that we can get Panda Hakari Angel Kashimo and potentially Maki all at the same time,', ""Megumi who? The guy didn't get proper focus in his colony yet, unlike Yuji."", 'Maybe wait for a chapter or two until the story moves on to the other participants', 'I love it', 'Here comes the money.', 'Oooh ooh the mahjong tiles are arranged in different kinds of winning hands! The far right one is called ordinary hand, I think? Iâ€™ve been learning how to play, so itâ€™s exciting being able to recognize it â€œin the wildâ€, so to speak :3', 'Gege really puts effort in every detail ğŸ˜©', ""Looks like that's the end of disgusting/liquidy cover streak."", 'The mahjong and poker cards is pretty fitting with his gambling motif.', 'Reminds me of this fanart', 'Could explain what you disgusting/liquidy?', 'Fire', 'I love how ""odd"" or creative this cover is', 'Source', 'Releases on December 25, 2021', 'Damn didnt know his hair was purple', 'Hakari drip', 'Mei mei approves', 'Mega chad', 'Jujutsu sorcerers', 'Exorcising curses']"
Wish me luck,http://www.reddit.com/r/JuJutsuKaisen/comments/r9cxjc/wish_me_luck/,61,794,"['fuck.', ""I said luck not fuck. ğŸ˜­ . Man y'all reactions got me scared af"", ""I read this in Henry Cavil's Witcher voice."", 'Itâ€™s ok to cry.', 'lol', 'Happy Halloween!!', 'Damn filler arcs where nothing happens...', 'ğŸ˜‚ğŸ˜‚', 'LMAO', 'Pro tip, never speed read it. This arc is really important and i screwed up by reading it a bit too fast and not understanding anything', 'Haha lol XD Dis arc got me laughing(from depression)', 'Itâ€™s okay brother, laughing is a trauma response ğŸ¥²', 'uâ€™re going to need it', 'Its a very nicely written arcmany things happen', 'all the best', 'Good luck, that arc broke me', 'this arc can be turned into 2 seasons i feel lol', 'Enjoy!', 'try to atleast lol', 'o7', 'Lol I remember my first time... Prepare yourself for deep emotional damage', ""Have fun and take your time with it. You're never going to get this moment again."", 'You wonâ€™t be disappointed', 'Good luck brother', 'Quite possibly the best part of a manga Iâ€™ve ever read, and Iâ€™ve read hunter hunter and full metal alchemist lol', 'Holy fuck', 'This is the arc that made me go from â€˜this manga is pretty goodâ€™ to â€˜this manga is fucking awesome.â€™', ""Don't expect too much, nothing that worse happens. I had my hopes high and was utterly disappointed."", 'ğŸ˜¬ğŸ˜¬', 'Season 2 of this, the last part of AoT and season 6 of MHA need to happen at the same time. All three are going to be absolutely fucking nuts.', 'They wonâ€™t', 'May the lord be with you. Or else may gojo be with you.', 'Jujutsu sorcerers', 'Exorcising curses']"
Jujutsu Kaisen 0 Director (Sunghoo Park) new comment on the film,http://www.reddit.com/r/JuJutsuKaisen/comments/r8r9y9/jujutsu_kaisen_0_director_sunghoo_park_new/,79,2.0k,"[""DOES THIS MEAN NANAMI'S CONSECUTIVE BLACK FLASHS AND HAKARI AND TODO ?!?!!"", 'as if any more hype was needed...', 'doubt Hakari weâ€™ve barely got him in the manga, I assume he wonâ€™t be in it.', 'Not sure abt nanami tho..', 'My boi Todo boutta clap cheeks again, love it', 'I wish he would clap my cheeks ( à²¥ï¹à²¥ )', 'New scenes ğŸ‘€!', 'Normally I would be suspicious, but this is a welcome surprise for JJK 0.', 'Most likely they will add:', ""scenes of gojo fighting getos group since he didn't really do anything in the manga"", 'Todo vs the first grades and special grade curses', ""Scenes I want but won't hold my breath for:"", 'Hakari beating up the higher ups', 'A revised yuta vs geto so that geto looks somewhat competent as opposed to losing to a 1st year who trained for 2 months max', 'Yita dominating the exchange event', 'These new additions are definitely:', 'Rikas twisted past that was described in one of the volume notes', 'Todo vs curses', 'Possibly a scene with Hakari getting suspended as it happened in the same year', 'I wish Yuta dominating the exchange event will be shown', ""I don't think Hakari is possible rn since his character design was introduced much recently. But I am ready to be proved wrong."", 'Really hoping to see Nanami black flashes too', 'Could it even be some background on Itadori Megumi and Kugisaki? Cause they too were there in the character visuals iirc.', ""Who's Hakari again? I'm current with the manga, maybe one chapter behind, but don't remember the name"", 'Nice. Made me happy made me smile.', ""I know this will be amazing cause he is clearly as in love with the series as the fans are, hes really put his all into this and I'm sure the staff have to"", 'Sources ', 'I definitely expect Gojo fight scenes since he didnâ€™t do much in the volume and they already showed him doing more â€œfightâ€ stuff in the trailer.', 'Canâ€™t wait!!!!', 'Also, whatâ€™s the chances they go more in depth on Gojo/Geto', 'If they animate gojo using purple am crying........', 'Park ""Goat"" Sunghoo. His cheography skills on God of highschool aswell as JJK was so fucking good.', 'Ooo new content', ""At the beginning of the volume 0 manga, There's a page in which Gege clarifies that Itadori and Inumaki are not the same person since in the volume  Inumaki  had the same hairstyle that Itadori ended up having in the manga. He also clarified that Megumi and Yuta aren't the same person since the hairstyles were also similar. There was a drawing for both these clarifications in which Inumaki (as a first year) does a mission in Yujis hometown and they cross each others path. Same with yuta and megumi; megumi is in his middle school uniform and with gojo while yuta walks past them. Who knows, mappa might actually animate these scenes as a way to give us our yuji and megumi cameos and pop the crowd. Sorry for the bad grammar btw"", 'Absolutely frothing at the prospect of animated todo vs curses', 'I have not read vol 0, this movie exites me', 'Literally US release date is all I care about lol', 'Iâ€™m mad they making us wait! This feels like the olden days weâ€™ve been so spoiled w international releases of manga chapters and anime', 'It never changed since back then, in terms of movie, we always get it later.', 'Jujutsu sorcerers', 'Exorcising curses']"
"""Jujutsu Kaisen"" Volume 0.5 Cover",http://www.reddit.com/r/JuJutsuKaisen/comments/r8x6rr/jujutsu_kaisen_volume_05_cover/,8,682,"[""Jujutsu Kaisen 0.5 will be a bonus short side story manga drawn by Akutami Gege that branches off of Okkotsu Yuta's story in JJK 0"", ""the comic will be for sale in movie theaters for those watching JJK 0 in Japan. It's also a limited print run with only 5 million copies. So if you are living on Japan, good luck on getting one!"", 'Source', ""I'd totally spend my vacation going to japan just to watch this movie and wasting money buying jjk stuff"", 'Alas covid', 'Life is suffering', 'it will be scanned for ... online readers, right ?', 'Hopefully', 'God bless the internet ğŸ™', 'jjk is the most popular jump manga right now, it definitely will', ""It should be as if they don't release one officialy people will get their hands on it anyway and they will lose out on money"", ""Welp guess I'm gonna try to find someone selling it on eBay"", 'Jujutsu sorcerers', 'Exorcising curses']"
Suguru Getou fanart for you guys!,http://www.reddit.com/r/JuJutsuKaisen/comments/r9d5on/suguru_getou_fanart_for_you_guys/,0,21,"['no comments yet', 'Be the first to share what you think!', 'Jujutsu sorcerers', 'Exorcising curses']"
Gojo is the ruler of everything,http://www.reddit.com/r/JuJutsuKaisen/comments/r8nw3a/gojo_is_the_ruler_of_everything/,15,814,"['My left ear enjoyed every bit', 'Got something against right ears?', 'Lmao im deaf in one ear so my phone audio is set just to the left ear, ig the sound went over to the video', 'Tally hall?', 'Exactly', 'This is vibe', 'Bruh utahime one', 'My left earbud was out.', 'But I could still hear everything.', 'He reminds me of eithan from the cradle book series by will wight', 'I don\'t usually do ""shippings"" but i do like the idea of Gojo and Utahime even if it\'s not canon. Their dynamic is just way too enjoyable.', 'u/savevideo', 'Jujutsu sorcerers', 'Exorcising curses']"
Drew Gojou :D,http://www.reddit.com/r/JuJutsuKaisen/comments/r9eeuq/drew_gojou_d/,0,Vote,"['no comments yet', 'Be the first to share what you think!', 'Jujutsu sorcerers', 'Exorcising curses']"
I made some semi-realistic Jujutsu Kaisen characters using photoshop and artbreeder (@sucksukeee on instagram),http://www.reddit.com/r/JuJutsuKaisen/comments/r8gj30/i_made_some_semirealistic_jujutsu_kaisen/,53,1.7k,"['Nobara looks super good(might fall in love). Gojo and Megumi look a little off.', 'I agree, megumi do seems a lil off now that I look at it again and whereas for Gojo I didnâ€™t know what else I could do with him so I just left it as it is and called it a day. Though i appreciate your comment!', 'Its the neck', 'They look like coked up BTS members', 'My friend posted this a while ago for me but it got removed so I had to do it myself ğŸ¥²', 'in love with Nobara here wow', 'Shes gorgeous', ""I think megumi and gojo's head and neck are a tad too narrow and it kinda gives it an uncanny valley feel but nobara and yuji look fantastic"", 'Ahhh I see! Thank you for pointing it out I did feel something was wrong especially around the jaw area and tried fixing it up a bit before, though Iâ€™ll definitely keep that in mind for future improvement', 'These actually look good contrary to all of the other anime characters irl', 'I tried my best to stay true to their character designs and as well as adding additional effects to give it that â€œsorceryâ€ vibes from the anime ğŸ˜', 'The nobara one omg ğŸ˜', 'Def my best one ngl ğŸ¤©', '""semi""', 'Yeah I think they still look somewhat â€œunrealisticâ€ so my best fit was to call them semi-realistic lmaooo', 'omg goho omg gojo wtf did u do to ma boy edit nobara is nice though', 'Well uhhhhâ€¦', 'Came across your IG page last week for your Tokyo Revengers art. Love that, and this Nobara is absolutely gorgeous too â™¡', 'Ayeee iâ€™m happy that youâ€™ve came across my past work! And thank you so much ğŸ™', 'Nobara my queen..can u do maki too', 'I do plan on doing Maki a bit later and will be posting it on my insta when I finish!', 'Wow!!', 'Wow so cool!', 'Thank you!', 'looks like Gantz: O (movie) type of style cool stuff!', 'Yesss I love the style of that movie and other ones similar to it too, and thank you!', 'I love those!!', 'Thank you I appreciate that!', 'Looks amazing! Nobara best one hands down.', 'Thank you! And i 100% agree sheâ€™s the best one iâ€™ve ever made', 'Megumi needs to have more spiky hair other than that they look pretty good', 'Killed it with the Nobara one', 'Niiiiiiice.... What\'s ""artbreeder""', 'Itâ€™s an AI generator that allows you to create faces by morphing different images together!', 'Nobara looks spot on, great job', 'Jujutsu sorcerers', 'Exorcising curses']"
Am I the only one still wondering why Sukuna smiled back in chapter 141?,http://www.reddit.com/r/JuJutsuKaisen/comments/r9e124/am_i_the_only_one_still_wondering_why_sukuna/,6,Vote,"['cause he realizes yuta heals yujis heart.', ""That was when Okkotsu stabbed Itadori. Sukuna was gonna act so that Itadori wouldn't die. But he then realized that Okkotsu was healing Itadori after he 'killed' him."", ""I figured it was that but, idk then it wouldn't be necessary to show Sukuna?"", 'He goes ""pfft"" right before, so he thought ""geez, this brat dies again? Pathetic. guess I have to heal him again."" but then notices Yuta is healing him so he smiled', 'This reminded me of how much I miss Sukuna it was the last screentime he got in manga', 'Jujutsu sorcerers', 'Exorcising curses']"
Gojo fanart by me!,http://www.reddit.com/r/JuJutsuKaisen/comments/r9e0l8/gojo_fanart_by_me/,0,Vote,"['no comments yet', 'Be the first to share what you think!', 'Jujutsu sorcerers', 'Exorcising curses']"
"Nanami Packing the Heat, OC by Me",http://www.reddit.com/r/JuJutsuKaisen/comments/r90ezc/nanami_packing_the_heat_oc_by_me/,0,34,"['no comments yet', 'Be the first to share what you think!', 'Jujutsu sorcerers', 'Exorcising curses']"
This sub is oversaturated with fan art and cosplay,http://www.reddit.com/r/JuJutsuKaisen/comments/r8kkti/this_sub_is_oversaturated_with_fan_art_and_cosplay/,76,465,"[""I don't want to seem like a hater, there's a lot of beautiful fan art and well-crafted cosplay. However, it's so rare to find posts actually discussing the manga/anime itself. I often reminisce to the days of older anime forums such as onemanga where users would engage in really fun and heated debates and discussions about the story, characters, power systems, and theories. I wish this sub was more like that. Jujutsu Kaisen is by far my favorite form of fiction right now and I would love to actually discuss it with fellow fans of the series, it's just tiresome to sift through the endless amounts of art and cosplay, which is cool, but doesn't really focus on the genius of Gege Akutami's work, rather the OP's work. To see people's actual thoughts on elements of the story/characters etc. I often have to go elsewhere. I think this subreddit would benefit a lot from either creating fan art/cosplay/meme megathreads or designate specific days for those posts so that we can actually talk about Jujutsu Kaisen. Thanks for reading my mini-rant."", 'tl/dr: This sub is over-saturated with fan art and cosplay; genuine discussion/debate is hard to find.', 'Most of those convos have shifted to r/jujutsushi since there are less spoiler rules to worry about. Thatâ€™s always my go-to for discussions, so I have no issue with the artwork and cosplays, etc I find here', ""I didn't know about this sub until about an hour ago, been going through the posts and like wow; some amazing discussions going on over there. Really in-depth stuff!"", 'A majority of people who are going to like something are going to be casual fans. So, most people who like JuJutsu Kaisen are going to just watch the anime because itâ€™s the easiest to get into. Most people involved in anime are only going to watch the anime and not read the original story through the manga.', 'Then thereâ€™s the fact that the anime is only 1 season long and we donâ€™t have anything close to the second season on the horizon. The first season is merely the introduction to the series where there wasnâ€™t much of an over arching storyline. The story is mostly surface level right now without really knowing a lot of stuff thatâ€™s happening in the background. All anime only watchers know is that the curses have stolen many things from the sorcerers, like 10 fingers of Sukuna and a device called the Prison Realm. They also know that the curses have no intention of directly fighting Satoru Gojo by any means necessary. They have no idea of whatâ€™s going to happen on Halloween and why itâ€™s important that the curses have a JuJutsu Sorcerer amongst them.', 'So whatâ€™s there to be excited about in this story so far? I think the characters are the biggest draw to the anime. All of the characters are quirky and funny, yet serious and deep at the same time. Theyâ€™re well written and people enjoy these types of characters that are more than just surface level. We have extremely well written female characters that arenâ€™t just pretty, and strong, and a love interest for the main characters or a love triangle between important characters. These characters go through real problems that many people go through in their real lives, some may be a little over exaggerated for story telling purposes but at one point in history, these challenges were extremely similar and traditionalists still think that these challenges are necessary to implement.', 'Thereâ€™s been a drought for a while on content for casual JuJutsu watchers. Thereâ€™s nothing more they can really talk about, unless itâ€™s the same things about the same characters for the 400th time. So people want to get creative with their interest for the show. Drawing and cosplay are popular outlets for creativity and I LOVE them. I love seeing good artists draw their interpretations of characters I like and if scenes/stills from the show. Cosplays are really cool too. The effort people put in to dressing up is very commendable and I enjoy a majority of them because you know that good cosplayers enjoy the source material and search up reference a lot. Once the next couple arcs are animated, I think weâ€™re gonna get so really fucking nice cosplays of characters with new designs and great imagery based on scenes from the anime.', 'TL;DR: Most people are casual anine watchers, they arenâ€™t going to get to the nitty gritty of the story, nor do they even know where or how to read manga. So they are excited about the things in this show that are great, which is mostly the characters at this point in time. Thereâ€™s not much people can do other than talk about the same thing over and over or get creative with their talents. I really donâ€™t see anything wrong with this sub.', 'I appreciate you typing this out, I agree with a lot of your points. I think even though its only one season, there\'s still plenty to talk about (predictions, theories, ability analyses, etc.) I just found out about r/Jujutsushi, so I\'ll be spending a lot more time there. Like I said, I don\'t want to be a stickler, I agree a lot of the art and cosplay are dope. Its just that\'s all I ever see on the sub. I think the mods could do some organization of maybe ""discussion days"" or something but idk. Just my two cents though, again I acknowledge and appreciate your perspective.', ""I don't know why I felt I needed to type this but some casuals like myself also like to  read the manga and engage in a few discussions like what is going to happen in the next chapter or what our thoughts were but   don't enter extremely serious discussions"", 'But your still correct either way', ""I agree, but every single manga/anime sub is like this. It's a problem with reddit as a whole"", ""Fair enough, also JJK's massive popularity could have something to do with it too, a lot of surface level fans who just want to show off their gojo/sukuna/nanami costumes and drawings. All power to them I guess. Any suggestions for quality jjk discussions?"", 'I disagree, there are some subreddits like r/titanfolk who engaged in alot of discussions about current happenings, foreshadowings, theories before the manga ended. This is probably just an anime problem with jjk since not alot is happening yet in the anime for discussions to be frequent', 'If you want manga discussions, go on r/jujutsushi', 'this one op come on over we literally discuss mangas theories and stuff but ppl who started manga very recently come at your own risk ppl dont use spoiler tag as u can expect', ""Selfishly I'm actually glad as hell it's mostly fanart and cosplay posts lol"", 'Way less chance to get spoiled by discussion titles, as an anime-only', 'Fair enough, wish more people would give the manga a chance but to each their own', 'Is this your first manga sub?', ""I guess my first that I've actively followed for a while, yeah."", 'go to r/jujutsushi for actual discussion n stuff', ""Because people love gojo and sukuna so much that they can't stop drawing them. Seems like that."", ""And just check the demon slayer sub too. It's 99% fanarts itself."", ""Don't forget about Nobara, since every second post is a cosplay of her"", 'Same with the genshin impact sub, mountains of fan art. I just want content manâ€¦', ""i wouldn't mind it if the cosplays weren't 80% people putting black tape on their face and calling it a sukuna cosplay"", 'yeah, a lot of lazy ones for sure.', ""Why don't you submit a topic for discussion yourself? If that's the content you want, the onus is on you to help cultivate it and get the community involved."", ""I mean I could, and probably should have, but I'm one person. There's 200k+ subbed. I feel like rather than just expect users to change the format of the sub itself maybe there could be options to be able to sift through the art/cosplay content because I occasionally do find discussion threads, but often they're quite buried."", 'I wonder if we can just filter out the art content . An option like this will be a win win for everyone', ""that's kind of what I meant, an easier way to sift through the art/cosplay content."", 'OP is right. Every time I check reddit, if I see the post from this subreddit it\'s either fanart or cosplay. Some cosplays are seriously low effort, like when they ""cosplay"" Mahito they just paint the lines on the face in like 5 minutes and post it here. I get it, some people like the anime, and want to do some cosplay for fun and share it (and some cosplays are actually good) but maybe instagram is the better place for it.', 'I wish there would be more discussion, theorizing or even shitposting/memes rather than flooding the sub with cosplay and fanarts...', 'Glad someone agrees with me!', ""Isn't the manga chapter discussion threads you're talking about?"", ""Yeah, I'm glad we have those. But I was thinking like theories, predictions, character discussions, etc. outside of just the weekly chapter discussions."", 'Jujutsu sorcerers', 'Exorcising curses']"
Chapter 119 Coloring,http://www.reddit.com/r/JuJutsuKaisen/comments/r8t8oc/chapter_119_coloring/,5,84,"[""Bro I really enjoyed your coloring but it is way too dark, I can't see some details"", 'This to fire beuh', 'Bottom panel especially looks really nice', 'Is it mahoraga?', 'Yep it is', 'Jujutsu sorcerers', 'Exorcising curses']"
He was right,http://www.reddit.com/r/JuJutsuKaisen/comments/r9e9lr/he_was_right/,0,Vote,"['no comments yet', 'Be the first to share what you think!', 'Jujutsu sorcerers', 'Exorcising curses']"
Gojo's Purple Laser of Absolute Devastation,http://www.reddit.com/r/JuJutsuKaisen/comments/r9e03i/gojos_purple_laser_of_absolute_devastation/,1,Vote,"['This image is a frame from my youtube video covering the summary of season one of JJK! Link over here:', 'IG: https://www.instagram.com/pingissa_/Twitter: https://twitter.com/Pingissa_?t=v3bAtWlmNuxjd8oa6xzZ5A&s=09', 'Jujutsu sorcerers', 'Exorcising curses']"
Drew yuta a while backğŸ˜ˆ,http://www.reddit.com/r/JuJutsuKaisen/comments/r8uoii/drew_yuta_a_while_back/,1,46,"['Remember to mark as spoiler next time', 'Jujutsu sorcerers', 'Exorcising curses']"
Chibi Mei Mei art (@6Stepsinhell on insta),http://www.reddit.com/r/JuJutsuKaisen/comments/r8nfqd/chibi_mei_mei_art_6stepsinhell_on_insta/,5,109,"['Mei Mei: mm...ma...', ""Mother: Aww, she's gonna say mama"", 'Mei Mei: Money', 'Yep, I was gonna make her hold money but I later dropped it', ""awww that's cute!"", ':))', 'And sry if my coloring isnt good, i suck at it ;-;', 'Jujutsu sorcerers', 'Exorcising curses']"
I colored one of my favorite pages (Chapter 1),http://www.reddit.com/r/JuJutsuKaisen/comments/r8b03r/i_colored_one_of_my_favorite_pages_chapter_1/,15,1.0k,"['Pretty good! Hadnâ€™t noticed only one of his hands had claws', 'You think thereâ€™s a reason for that? Seems strange other than maybe just some part of his character idk', 'He looks a bit like a frog', 'I was thinking fish. Those eyes are so eerie.', 'nicely done!', 'Looks really good :)', 'Yooo, this is so good, what did you use to color it tho?', 'pixlr x', 'Yes, Yikes', 'Nice! You should do more pages.', 'I will actually', 'Jujutsu sorcerers', 'Exorcising curses']"
Question about Jujutsu High uniform,http://www.reddit.com/r/JuJutsuKaisen/comments/r90y4b/question_about_jujutsu_high_uniform/,4,12,"['Not sure if this is in the right place, but I was wondering if anybody knew what kind of jacket is in the Jujutsu high uniform. I like the way it looks and was wanting to look for a similar jacket IRL. Thanks in advance!', ""I wanted one too. Found a few. This is the best quality one I've seen and def want! https://animegearguru.com/products/demon-vessel-zipper-hoodie"", 'Jujutsu Tech uniforms are based on heavily stylized gakuran (actual Japanese school uniforms) . I found one for Yuta and Yuuji in some online stores', 'JJK uniforms dont look like actual gakuran though. Gege designed them to make the character designs look more interesting for the genre, just like how sometimes you see anime girls with exaggerated sailor uniforms.', 'if you want to get a jacket that looks like that you may only find the cosplay ones and the ones that can be worn for casual wear.. or if you want, you can just buy a white track jacket, but those have zippers instead of buttons like a gakuran does', ""(https://images.app.goo.gl/FTXgPSzCPL5F3NkV8) Think this is what I'm talkin about, just in white"", 'Jujutsu sorcerers', 'Exorcising curses']"
Had to make it,http://www.reddit.com/r/JuJutsuKaisen/comments/r9e2fm/had_to_make_it/,0,Vote,"['no comments yet', 'Be the first to share what you think!', 'Jujutsu sorcerers', 'Exorcising curses']"
Need help,http://www.reddit.com/r/JuJutsuKaisen/comments/r9dwyf/need_help/,1,Vote,"['So, quite a while back I seen a video of Yuji making chocolates for a girl who was blonde I think. I remember watching it but canâ€™t find it. It was Yuji making Valentines chocolate and Sukuna was making fun of him and I think he tried the chocolate. I donâ€™t know if it was real or not but I remember watching it on instagram as a clip. But again I donâ€™t know if it was real if I somehow imagined the entire thing from my half awake state when I seen it. Has anyone seen it or am I losing it', ""I don't know, I've never seen it. If you saw it in the search section then it would be very difficult to find that again and most probably it was posted by one of those image-aggregating fan accounts :c"", 'Jujutsu sorcerers', 'Exorcising curses']"
A colored version of my old fanart of Sukuna! (Insta & Twitter- @ytxartz),http://www.reddit.com/r/JuJutsuKaisen/comments/r8ln6x/a_colored_version_of_my_old_fanart_of_sukuna/,3,129,"['Enjoyed drawing this and uhm...my commission is open (dk if this is allowed i will take this down if its not) (gotta earn sum cash during breakTvT) if anyone would like to commission me i would be glad to draw for uğŸ¤­. Jus hit me up in my email in my commission info link thankieww. And this is a pretty old drawing i just wanted to post it, my current style is slightly different and more refined in my opinion. Since i practice way more digital arts on the way. My current  art style samples are posted in my other socials linked below if anyone is interestedğŸ˜ŠğŸ˜Š', 'Socials: Insta: here Twitter: here Tiktok: here', 'Commission info: here', 'Damn, top tier this one', 'Jujutsu sorcerers', 'Exorcising curses']"
Getoâ€™s goal maybe (idk iam at chapter 67),http://www.reddit.com/r/JuJutsuKaisen/comments/r9dc2w/getos_goal_maybe_idk_iam_at_chapter_67/,6,1,"['Please put a spoiler tag', 'Done and sorry', ""Well, technically Sukuna isn't a cursed spirit"", ""He isn't as long as he is using a human as a vessel."", 'If he finds a way to separate himself from Itadori for a body of his own then he will be a fully cursed spirit.', 'Jujutsu sorcerers', 'Exorcising curses']"
Riko,http://www.reddit.com/r/JuJutsuKaisen/comments/r8eslf/riko/,9,269,"[""Toji: it's just business"", "";'))"", 'Remember to mark as spoiler next time.', 'Oh man this magic trick is gonna totally blow her mind', 'Spoiler', 'Gojo was numb and her death played a huge role in changing getou (T-T)', 'I bawled like a kid', 'Hello hello please support me in my Art account : https://twitter.com/Laiwa_art', ""I'm also open for commish if your interested : https://laiwa.carrd.co"", 'You can dm me here or in Twt', 'Toji: ğŸ”« >:)', 'God I hate togi ğŸ™ƒ', 'bummp', 'Jujutsu sorcerers', 'Exorcising curses']"
My nobara cosplay ğŸ’•,http://www.reddit.com/r/JuJutsuKaisen/comments/r807en/my_nobara_cosplay/,34,2.2k,"['Looks really cute! Love it!', 'ğŸ˜ğŸ˜ğŸ˜', 'Also idk why all pics are blurry ğŸ’€ğŸ’€ I hope yall can still enjoy them', 'It gives them that little extra! ğŸ˜‚', 'NiceğŸ‘Œ', 'Thank you!', 'I love it!! ğŸ˜ğŸ˜', 'Awesome possum lemon blossom. TBA KS for sharing', 'pretty cosplay :)', 'I saw that ğŸ˜³', 'You look awesome as Nobara. ğŸ˜', 'Neato', 'BADASS', 'Amazing!!!!!!!', 'Nice', 'KUGISAKI!', ""it'd be sick if you could also make a battle damaged version from when she and yuji fought the two curse painting brothers."", 'omg yes but then Ill have to damage my cosplay so I might want to buy another set first LMAO', 'Beating people up with hammer? Check.', 'Being stylish as fuck? Check.', 'Nobara for sure.', 'Omg! So pretty ğŸ˜ğŸ˜', 'I think Iâ€™m in love', 'ğŸ’–ğŸ¥° Im in love too with toji ğŸ¥°', 'Pretty cute. Also I think I remember you from a 2B cosplay too.', 'Yes! I did cosplay 2b! Its awesome that you remember me ğŸ¥ºğŸ¥°', 'my queen?', 'In manga some shit happens and evertime i see a fanart or cosplay i get depressed', 'Thank you <<<<3', 'Jujutsu sorcerers', 'Exorcising curses']"
redrew this panel of kugisaki,http://www.reddit.com/r/JuJutsuKaisen/comments/r8kfr9/redrew_this_panel_of_kugisaki/,0,45,"['no comments yet', 'Be the first to share what you think!', 'Jujutsu sorcerers', 'Exorcising curses']"
